{"stats":{"minecraft:used":{"minecraft:netherite_boots":1,"minecraft:netherite_sword":76,"minecraft:jungle_leaves":3,"minecraft:stone_sword":11,"minecraft:netherite_leggings":1,"minecraft:grass_block":1,"minecraft:netherite_chestplate":1,"minecraft:netherite_helmet":1,"minecraft:enchanted_golden_apple":11},"minecraft:custom":{"minecraft:time_since_rest":5311,"minecraft:damage_absorbed":1330,"minecraft:crouch_one_cm":84,"minecraft:deaths":1,"minecraft:play_time":22006,"minecraft:sprint_one_cm":55501,"minecraft:damage_taken":1109,"minecraft:walk_one_cm":19996,"minecraft:sneak_time":621,"minecraft:walk_under_water_one_cm":2629,"minecraft:mob_kills":29,"minecraft:drop":3,"minecraft:jump":655,"minecraft:damage_dealt":25416,"minecraft:leave_game":1,"minecraft:walk_on_water_one_cm":719,"minecraft:time_since_death":5283,"minecraft:damage_resisted":473,"minecraft:total_world_time":22006,"minecraft:swim_one_cm":477,"minecraft:fall_one_cm":22256,"minecraft:fly_one_cm":443801},"minecraft:killed":{"minecraft:skeleton":10,"minecraft:sheep":3,"minecraft:zombie":12,"minecraft:creeper":1,"minecraft:cow":3},"minecraft:dropped":{"minecraft:filled_map":1,"minecraft:sweet_berries":3,"minecraft:red_mushroom":1},"minecraft:picked_up":{"minecraft:sweet_berries":3,"minecraft:leather":3,"minecraft:red_mushroom":1,"minecraft:beef":5,"minecraft:light_gray_wool":2,"minecraft:mutton":4,"minecraft:white_wool":1}},"DataVersion":3465}